{
  "cagr": 0.10140019983997339,
  "vol": 0.12782433368969934,
  "sharpe": 0.8195361110067525,
  "sortino": 1.2329155170664263,
  "calmar": 0.4573710714362357,
  "dsr_n_trials": 25,
  "dsr": 0.0004135047417933475,
  "source": "synthetic"
}